task,model,accuracy,precision_macro,recall_macro,f1_macro,precision_positive,recall_positive,f1_positive
Q1_popularity,Random Forest,0.8391150252389646,0.7572975409651597,0.7199537032995877,0.7354221408155321,0.6340683924576542,0.5173402868318122,0.5697874784606548
Q1_popularity,Linear SVM,0.7539469444742778,0.6726372519846768,0.732086016920497,0.6850448589767621,0.43853875267401676,0.6949152542372882,0.5377320419693301
Q1_popularity,Dummy Baseline,0.7940607883148963,0.3970303941574482,0.5,0.44260528600077825,0.0,0.0,0.0
Q2_highly_positive_reviews,Random Forest,0.6774053112755768,0.6750870262970177,0.6669566764798784,0.6677790295682806,0.6848399577910658,0.7686537702329254,0.7243303571428571
Q2_highly_positive_reviews,Linear SVM,0.674357858075751,0.6710759797730661,0.6654137246665223,0.666297127852143,0.6868468468468468,0.7524674299249902,0.7181612660135644
Q2_highly_positive_reviews,Dummy Baseline,0.5513713539399216,0.2756856769699608,0.5,0.355409007997755,0.5513713539399216,1.0,0.71081801599551
